Hebrew (Nikkud),Transliteration,Part of Speech,Translation,Era,Notes
אַבָּא,abba,noun,dad / father (affectionate),Both,Aramaic origin
אָבַד,avad,root,perished / was lost,Both,
אָבָה,avah,root,was willing / consented,Biblical,
אָבַל,aval,root,mourned,Both,
אֲבָל,aval,conjunction,but,Both,
אֶבֶן,even,noun,stone / rock,Both,
אָגַד,agad,root,bound / tied together,Biblical,
אָגַר,agar,root,gathered / stored,Biblical,
אָדַם,adam,root,was red,Biblical,
אָדָם,adam,noun,man / human / Adam,Both,
אָהַב,ahav,root,loved,Both,
אָהַל,ahal,root,pitched a tent,Biblical,
אָוָה,avah,root,desired / craved,Biblical,
אוּר,ur,root,shone / gave light,Biblical,hollow root
אוֹר,or,noun,light,Both,
אוֹת,ot,noun,sign / letter (of alphabet),Both,
אָזַן,azan,root,listened / gave ear,Biblical,
אֹזֶן,ozen,noun,ear,Both,
אֶחָד,echad,adjective,one,Both,masculine
אָחַז,achaz,root,seized / grasped,Both,
אָחַר,achar,root,tarried / was late,Both,
אַחֵר,acher,adjective,other / another,Both,
אָטַם,atam,root,shut / closed up,Biblical,"e.g. ears, lips"
אָיַב,ayav,root,was an enemy / hated,Biblical,
אַיֵּה,ayeh,adverb,where?,Biblical,
אֵיךְ,eich,adverb,how?,Both,
אַיִל,ayil,noun,ram,Both,
אַיִן,ayin,particle/noun,nothing / there is not,Both,
אַיִן,ayin,adverb,where? (poetic),Biblical,alt meaning
אִישׁ,ish,noun,man / husband,Both,
אָכַל,achal,root,ate / consumed,Both,
אֹכֶל,ochel,noun,food,Both,
אָלָה,alah,root,swore / cursed,Biblical,
אָלַם,alam,root,was mute / bound,Biblical,
אִמָּא,imma,noun,mom / mother (affectionate),Both,Aramaic origin
אָמַן,aman,root,was faithful / believed,Both,hif'il: believed
אָמַץ,amatz,root,was strong / courageous,Both,
אָמַר,amar,root,said,Both,
אֶמֶשׁ,emesh,adverb,last night / yesterday evening,Biblical,
אֱמֶת,emet,noun,truth,Both,
אָנָה,anah,root,mourned / sighed,Biblical,
אָנַח,anach,root,sighed / groaned,Biblical,nif'al common
אָנִי,ani,pronoun,I (poetic/biblical),Biblical,
אֲנִי,ani,pronoun,I,Both,
אָנַס,anas,root,compelled / forced,Both,modern: raped
אָסַף,asaf,root,gathered,Both,
אָסַר,asar,root,bound / imprisoned,Both,
אָפָה,afah,root,baked,Both,
אֶפֶס,efes,noun,nothing / zero / end,Both,
אָפַף,afaf,root,encompassed / surrounded,Biblical,
אָצַל,atzal,root,set aside / reserved / delegated,Biblical,
אָצַר,atzar,root,stored up / treasured,Biblical,
אָרַב,arav,root,lay in wait / ambushed,Biblical,
אָרַג,arag,root,wove,Biblical,
אָרַךְ,arach,root,was long / lengthened,Both,
אָרַס,aras,root,betrothed,Modern,
אָרַר,arar,root,cursed,Biblical,
אָרַשׂ,aras,root,betrothed,Biblical,
אִשָּׁה,ishah,noun,woman / wife,Both,
אָשַׁם,asham,root,was guilty / offended,Biblical,
אָשַׁר,ashar,root,went straight / blessed / confirmed,Both,
אָתָה,atah,root,came (poetic),Biblical,
אַתָּה,atah,pronoun,you (m.s.),Both,
בָּגַד,bagad,root,betrayed / was faithless,Both,
בֶּגֶד,beged,noun,garment / clothing,Both,
בָּדַד,badad,root,was alone / isolated,Biblical,
בָּדַל,badal,root,separated / distinguished,Both,
בָּדָל,badal,noun,piece / part,Biblical,Amos 3:12
בָּדַק,badak,root,examined / checked,Both,
בָּהַל,bahal,root,was startled / frightened,Both,
בּוֹא,bo,root,came / entered,Both,hollow root
בּוּז,buz,root,despised,Biblical,hollow root
בּוּשׁ,bush,root,was ashamed,Biblical,hollow root
בָּזָה,bazah,root,despised,Biblical,
בָּחַן,bachan,root,tested / examined,Both,
בָּחַר,bachar,root,chose / selected,Both,
בָּטַח,batach,root,trusted / relied upon,Both,
בָּטֵל,batel,root,was idle / nullified,Both,
בֶּטֶן,beten,noun,belly / womb,Both,
בַּיִת,bayit,noun,house / home,Both,
בָּנָה,banah,root,built,Both,
בָּעַט,baat,root,kicked,Both,
בַּעַל,baal,noun,master / husband / owner / Baal,Both,
בָּעַר,baar,root,burned / was kindled,Both,
בָּצַע,batza,root,cut off / profited,Biblical,
בָּקַע,baka,root,split / broke open,Biblical,
בָּקַר,bakar,root,inquired / visited,Biblical,
בָּקָר,bakar,noun,cattle / cows,Both,
בֹּקֶר,boker,noun,morning,Both,
בָּקַשׁ,bakash,root,sought / requested,Both,usually in pi'el
בָּרָא,bara,root,created,Both,Gen 1:1
בָּרָד,barad,noun,hail,Both,
בָּרַח,barach,root,fled / ran away,Both,
בָּרַךְ,barach,root,blessed / knelt,Both,
בָּרַק,barak,root,flashed (lightning),Biblical,
בָּרָק,barak,noun,lightning,Both,
בָּרַר,barar,root,purified / selected,Biblical,
בָּשַׁל,bashal,root,cooked / boiled / ripened,Both,
בָּשַׂר,basar,root,brought good news,Both,usually in pi'el
בָּשָׂר,basar,noun,flesh / meat,Both,
גָּאַל,gaal,root,redeemed,Both,
גָּבַהּ,gavah,root,was high / tall / proud,Biblical,
גָּבַר,gavar,root,prevailed / was strong,Both,
גֶּבֶר,gever,noun,man / strong man,Both,
גָּדַל,gadal,root,grew / was great,Both,
גָּדַע,gada,root,cut down / hewed off,Biblical,
גָּדַף,gadaf,root,reviled / blasphemed,Biblical,
גָּוַע,gava,root,expired / died,Biblical,
גּוּר,gur,root,sojourned / dwelt as stranger,Biblical,hollow root
גָּזַל,gazal,root,robbed / stole by force,Both,
גָּזַר,gazar,root,cut / decreed,Both,
גַּיִא,gai,noun,valley,Biblical,
גָּלָה,galah,root,uncovered / went into exile / revealed,Both,
גָּמַל,gamal,root,dealt with / weaned / rewarded,Biblical,
גָּמָל,gamal,noun,camel,Both,
גָּמַר,gamar,root,finished / completed,Both,
גָּנַב,ganav,root,stole,Both,
גָּעַל,gaal,root,abhorred / loathed,Biblical,
גָּעַר,gaar,root,rebuked / reproached,Biblical,
גֶּפֶן,gefen,noun,grapevine,Both,
גָּרַשׁ,garash,root,drove out / divorced,Both,
גָּשַׁם,gasham,root,rained,Both,
גֶּשֶׁם,geshem,noun,rain,Both,
גֶּשֶׁר,gesher,noun,bridge,Both,
דָּאַג,daag,root,worried / was anxious,Both,
דָּבַק,davak,root,clung / stuck to,Both,
דָּבַר,davar,root,spoke,Both,usually in pi'el: דִּבֵּר
דָּבָר,davar,noun,word / thing / matter,Both,
דְּבַשׁ,dvash,noun,honey,Both,
דֶּגֶל,degel,noun,flag / banner,Both,
דָּגָן,dagan,noun,grain / corn,Both,
דָּהַר,dahar,root,galloped,Both,
דּוֹב,dov,noun,bear (alt spelling),Both,or 2-letter דֹּב
דּוֹד,dod,noun,uncle / beloved,Both,
דָּוִד,david,name,David,Both,
דּוֹר,dor,noun,generation,Both,
דָּחָה,dachah,root,pushed away / thrust,Both,
דָּחַף,dachaf,root,pushed / hurried,Both,
דָּחַק,dachak,root,pressed / oppressed,Both,
דִּין,din,root,judged,Both,hollow root
דִּין,din,noun,judgment / law,Both,
דָּכָא,daka,root,crushed / oppressed,Biblical,
דָּלַג,dalag,root,leaped / skipped,Both,
דָּלַק,dalak,root,burned / kindled / pursued,Both,
דֶּלֶת,delet,noun,door,Both,
דָּמַה,damah,root,was like / resembled,Both,
דָּמַם,damam,root,was silent / still,Biblical,
דָּמַע,damaa,root,wept / shed tears,Biblical,
דַּעַת,daat,noun,knowledge,Both,
דָּפַק,dafak,root,knocked / beat,Both,
דָּרַךְ,darach,root,trod / tread / stepped,Both,
דֶּרֶךְ,derech,noun,way / road / path,Both,
דָּרַשׁ,darash,root,sought / demanded / expounded,Both,
דֶּשֶׁא,deshe,noun,grass / tender herbage,Biblical,
הָגָה,hagah,root,meditated / murmured / pondered,Biblical,
הָגַר,hagar,root,immigrated / emigrated,Modern,
הָדַף,hadaf,root,pushed / thrust,Biblical,
הָדַר,hadar,root,adorned / honored,Biblical,
הוּא,hu,pronoun,he / it,Both,
הוֹד,hod,noun,splendor / majesty,Both,
הוֹן,hon,noun,wealth / fortune,Both,
הִיא,hi,pronoun,she / it,Both,
הָיָה,hayah,root,was / existed / became,Both,
הָכָה,hakah,root,struck / smote,Both,hif'il of נכה
הָלַךְ,halach,root,walked / went,Both,
הָלַל,halal,root,praised / boasted / shone,Biblical,pi'el: הִלֵּל
הָמָה,hamah,root,roared / made noise / was tumultuous,Biblical,
הָפַךְ,hafach,root,turned / overturned,Both,
הָרַג,harag,root,killed / slew,Both,
הֶרֶג,hereg,noun,killing / slaughter,Biblical,
הָרָה,harah,root,conceived / was pregnant,Both,
הָרַס,haras,root,demolished / destroyed,Both,
וָדַי,vadai,adverb,certainly / surely,Modern,
וָעַד,vaad,noun,committee / council,Biblical,also verb 'appointed'
וַעַד,vaad,noun,meeting / committee,Both,
וֶרֶד,vered,noun,rose (flower),Both,
זָבַח,zavach,root,slaughtered / sacrificed,Biblical,
זָהַב,zahav,root,was golden,Biblical,rare verb form
זָהָב,zahav,noun,gold,Both,
זָהַר,zahar,root,warned / shone,Both,hif'il: warned
זָיִת,zayit,noun,olive / olive tree,Both,
זָכָה,zachah,root,was pure / merited / won,Both,
זָכַר,zachar,root,remembered,Both,
זָכָר,zachar,noun,male,Both,
זָלַל,zalal,root,was worthless / gluttonous,Biblical,
זָמַם,zamam,root,planned / plotted,Biblical,
זָמַן,zaman,root,appointed / invited,Both,
זָמָן,zaman,noun,time / tense,Both,
זָמַר,zamar,root,sang / played music,Both,usually in pi'el
זֶמֶר,zemer,noun,song / melody,Both,
זָנָב,zanav,noun,tail,Both,
זָנָה,zanah,root,committed fornication / was unfaithful,Biblical,
זָעַם,zaam,root,was indignant / cursed,Biblical,
זָעַק,zaak,root,cried out,Biblical,
זָקַן,zaken,root,was old / aged,Both,
זָקֵן,zaken,adjective/noun,old / elder,Both,
זָרָה,zarah,root,scattered / winnowed,Biblical,
זָרַח,zarach,root,shone / rose (sun),Both,
זָרַע,zara,root,sowed / planted seed,Both,
זֶרַע,zera,noun,seed / offspring,Both,
זָרַק,zarak,root,threw / sprinkled,Biblical,
חָבָא,chava,root,hid,Biblical,
חָבַב,chavav,root,loved / cherished,Biblical,
חָבַל,chaval,root,damaged / destroyed / bound,Biblical,
חָבַק,chavak,root,embraced / hugged,Both,
חָבַר,chavar,root,joined / connected,Both,
חָבַשׁ,chavash,root,bound up / saddled,Biblical,
חָגַג,chagag,root,celebrated a festival,Biblical,
חָגַר,chagar,root,girded / belted,Biblical,
חָדַל,chadal,root,ceased / stopped,Biblical,
חָדַר,chadar,root,penetrated / entered,Both,
חָדַשׁ,chadash,root,renewed / was new,Both,pi'el: renewed
חֹדֶשׁ,chodesh,noun,month / new moon,Both,
חָוָה,chavah,root,bowed down / prostrated,Biblical,usually eshtafal
חָזָה,chazah,root,saw / perceived (as visionary),Biblical,
חָזַק,chazak,root,was strong / strengthened,Both,
חָזַר,chazar,root,returned / repeated,Modern,
חָטָא,chata,root,sinned / missed,Both,
חָטַב,chatav,root,cut wood / hewed,Biblical,
חָטַף,chataf,root,snatched / grabbed,Both,
חָיָה,chayah,root,lived / came alive,Both,
חָיַךְ,chayach,root,smiled,Modern,
חַיִל,chayil,noun,strength / army / valor,Both,
חָכָה,chikah,root,waited / expected,Both,usually in pi'el
חָכַם,chacham,root,was wise,Both,
חָכָם,chacham,adjective/noun,wise / wise person,Both,
חָלַב,chalav,root,milked,Both,
חָלָב,chalav,noun,milk,Both,
חָלָה,chalah,root,was sick / ill,Both,
חָלַם,chalam,root,dreamed,Both,
חָלַף,chalaf,root,passed / changed / exchanged,Both,
חָלַץ,chalatz,root,drew off / rescued / performed chalitzah,Biblical,
חָלַק,chalak,root,divided / was smooth,Both,
חֵלֶק,chelek,noun,part / portion / share,Both,
חָמַד,chamad,root,desired / coveted,Biblical,
חֶמֶד,chemed,noun,delight / desire,Biblical,
חָמַל,chamal,root,pitied / spared,Biblical,
חָמַם,chamam,root,was warm,Biblical,
חָמַס,chamas,root,did violence / wronged,Biblical,
חָמַץ,chametz,root,was leavened / sour,Biblical,
חָנָה,chanah,root,encamped / pitched,Biblical,
חָנַט,chanat,root,embalmed / ripened,Biblical,
חָנַךְ,chanach,root,dedicated / inaugurated / educated,Both,
חָנַן,chanan,root,was gracious / favored,Biblical,
חֶסֶד,chesed,noun,loyalty / kindness / loving-kindness,Both,
חָסָה,chasah,root,took refuge / trusted,Biblical,
חָסַךְ,chasach,root,withheld / spared / saved,Both,
חָסַם,chasam,root,muzzled / blocked,Biblical,
חָסַר,chaser,root,lacked / was missing,Both,
חָפַץ,chafatz,root,desired / delighted,Biblical,
חֵפֶץ,chefetz,noun,delight / desire / object,Both,
חָפַר,chafar,root,dug / was ashamed,Biblical,
חָפַשׂ,chafas,root,searched / sought,Both,pi'el: searched
חָצַב,chatzav,root,hewed / quarried,Biblical,
חָצָה,chatzah,root,divided / crossed,Both,
חָצִי,chatzi,noun,half,Both,
חָצֵר,chatzer,noun,courtyard / village,Both,
חָקַק,chakak,root,engraved / decreed,Biblical,
חָקַר,chakar,root,investigated / searched out,Both,
חָרַב,charav,root,was dry / destroyed,Biblical,
חֶרֶב,cherev,noun,sword,Both,
חָרָה,charah,root,burned with anger,Biblical,
חָרַט,charat,root,engraved,Both,
חָרַם,charam,root,devoted / dedicated to destruction,Biblical,
חֶרֶס,cheres,noun,clay / earthenware,Biblical,
חָרַף,charaf,root,reviled / defied / wintered,Biblical,
חֹרֶף,choref,noun,winter,Both,
חָרַץ,charatz,root,decided / cut / decreed,Biblical,
חָרַשׁ,charash,root,plowed / engraved / was silent,Biblical,
חָשַׁב,chashav,root,thought / calculated / regarded,Both,
חָשָׁה,chashah,root,was silent / still,Biblical,
חָשַׁךְ,chashach,root,was dark,Biblical,
חֹשֶׁךְ,choshech,noun,darkness,Both,
חָשַׁק,chashak,root,loved / longed for / attached,Biblical,
חָתַךְ,chatach,root,cut / decided,Both,
חָתַם,chatam,root,sealed / signed,Both,
חָתַן,chatan,root,made a marriage alliance,Biblical,
חָתָן,chatan,noun,groom / son-in-law,Both,
טָבַח,tavach,root,slaughtered,Biblical,
טָבַל,taval,root,dipped / immersed,Both,
טָבַע,tava,root,sank / drowned / coined,Both,
טָהַר,taher,root,was pure / cleansed,Both,
טוֹב,tov,adjective,good,Both,
טָוָה,tavah,root,spun (thread),Biblical,
טוּס,tus,root,flew (modern),Modern,hollow root
טָחַן,tachan,root,ground (grain),Biblical,
טָמֵא,tame,root,was impure / unclean,Biblical,
טָמַן,taman,root,hid / buried,Biblical,
טָעָה,taah,root,erred / went astray,Both,
טָעַם,taam,root,tasted / perceived,Both,
טַעַם,taam,noun,taste / flavor / reason,Both,
טָעַן,taan,root,loaded / claimed / argued,Both,
טִפָּה,tippah,noun,drop,Both,
טָפַח,tafach,root,spread out / slapped,Biblical,
טָפַל,tafal,root,smeared / attached / cared for,Both,
טָרַח,tarach,root,labored / took pains,Both,
טָרַף,taraf,root,tore / preyed on,Biblical,
יָאַל,yaal,root,was willing / consented,Biblical,
יָבַל,yaval,root,carried / brought / led,Biblical,hif'il: brought
יָבֵשׁ,yavesh,root,was dry / withered,Biblical,
יָגָה,yagah,root,grieved,Biblical,
יָגַע,yaga,root,labored / toiled / wearied,Biblical,
יָדָה,yadah,root,praised / thanked / confessed,Biblical,hif'il: הוֹדָה
יָדַע,yada,root,knew,Both,
יָהַב,yahav,root,gave (archaic),Biblical,
יָהַד,yahad,root,became Jewish / Judaized,Biblical,hitpa'el
יוֹם,yom,noun,day,Both,
יָחַד,yachad,root,was united / joined,Biblical,
יָחַל,yachal,root,waited / hoped,Biblical,
יָטַב,yatav,root,was good / did well,Biblical,usually hif'il
יַיִן,yayin,noun,wine,Both,
יָכַח,yachach,root,rebuked / reasoned,Biblical,usually hif'il
יָכֹל,yachol,root,was able / prevailed,Both,
יָלַד,yalad,root,gave birth / bore,Both,
יֶלֶד,yeled,noun,boy / child,Both,
יָלַל,yalal,root,howled / wailed,Biblical,hif'il
יָמַר,yamar,root,exchanged (hif'il),Biblical,
יָנָה,yanah,root,oppressed / wronged,Biblical,
יָנַק,yanak,root,sucked / nursed,Biblical,
יָסַד,yasad,root,founded / established,Biblical,
יָסַף,yasaf,root,added / continued,Biblical,
יָסַר,yasar,root,chastened / instructed / disciplined,Biblical,usually pi'el
יָעַד,yaad,root,appointed / met by appointment,Biblical,
יָעַל,yaal,root,profited / availed,Biblical,
יָעַץ,yaatz,root,advised / counseled,Biblical,
יַעַר,yaar,noun,forest,Both,
יָפָה,yafah,root,was beautiful,Biblical,
יָצָא,yatza,root,went out / came out,Both,
יָצַב,yatzav,root,stood firm / placed,Biblical,usually hitpa'el
יָצַג,yatzag,root,set / placed / presented,Biblical,usually hif'il
יָצַק,yatzak,root,poured / cast (metal),Biblical,
יָצַר,yatzar,root,formed / fashioned,Biblical,
יָקַד,yakad,root,burned / kindled,Biblical,
יָקַע,yaka,root,was dislocated / pierced,Biblical,
יָקַר,yakar,root,was precious / honored,Biblical,
יָרָא,yare,root,feared / revered,Biblical,
יָרַד,yarad,root,went down / descended,Both,
יָרָה,yarah,root,shot / threw / instructed,Biblical,
יָרֵחַ,yareach,noun,moon,Both,4 letters — EXCLUDED
יָרַשׁ,yarash,root,inherited / possessed / dispossessed,Biblical,
יָשַׁב,yashav,root,sat / dwelt / settled,Both,
יָשַׁן,yashan,root,slept / was old,Both,
יָשַׁע,yasha,root,saved / delivered,Biblical,usually hif'il
יָשַׁר,yashar,root,was straight / upright,Biblical,
יָשָׁר,yashar,adjective,straight / upright / honest,Both,
יָתַר,yatar,root,remained / was left over,Biblical,
כָּאַב,kaav,root,was in pain / ached,Biblical,
כָּבַד,kaved,root,was heavy / honored,Biblical,pi'el: honored
כָּבָה,kavah,root,was extinguished / went out,Biblical,
כָּבַס,kavas,root,washed (clothes) / laundered,Both,pi'el usual
כָּבַשׁ,kavash,root,subdued / conquered,Both,
כּוּן,kun,root,was established / prepared,Biblical,hollow root
כּוֹס,kos,noun,cup / goblet,Both,
כָּזַב,kazav,root,lied / deceived,Biblical,pi'el usual
כָּחַד,kachad,root,hid / concealed / denied,Biblical,pi'el
כָּחַשׁ,kachash,root,lied / denied / failed,Biblical,pi'el
כָּלָא,kala,root,restrained / shut up,Biblical,
כֶּלֶב,kelev,noun,dog,Both,
כָּלָה,kalah,root,was completed / finished / ended,Biblical,pi'el: destroyed
כָּלַל,kalal,root,was complete / crowned,Biblical,
כָּלַם,kalam,root,was ashamed / insulted,Biblical,
כֻּלָּם,kulam,pronoun,all of them (m.),Both,4 letters — EXCLUDED
כָּמַהּ,kamah,root,longed / yearned,Biblical,
כָּנַס,kanas,root,gathered / assembled,Both,pi'el: assembled
כָּנַע,kana,root,was subdued / humbled,Biblical,nif'al usual
כָּנַף,kanaf,root,was winged,Biblical,
כָּסָה,kasah,root,covered / concealed,Both,pi'el: כִּסָּה
כָּסַף,kasaf,root,longed / yearned (for silver/money),Biblical,
כָּסֶף,kesef,noun,silver / money,Both,
כָּעַס,kaas,root,was angry / vexed,Both,
כָּפַל,kafal,root,doubled / folded,Both,
כָּפַף,kafaf,root,bent / bowed,Biblical,
כָּפַר,kafar,root,atoned / covered,Biblical,pi'el: atoned
כָּפַת,kafat,root,bound / tied,Both,
כָּרָה,karah,root,dug / made a feast,Biblical,
כֶּרֶם,kerem,noun,vineyard,Both,
כָּרַע,kara,root,bowed / knelt,Biblical,
כָּרַת,karat,root,cut / made covenant,Biblical,
כָּשַׁל,kashal,root,stumbled / fell,Both,
כָּשַׁף,kashaf,root,practiced sorcery,Biblical,pi'el
כָּתַב,katav,root,wrote,Both,
כֶּתֶם,ketem,noun,stain / pure gold,Biblical,
כֶּתֶף,katef,noun,shoulder,Both,
כֶּתֶר,keter,noun,crown,Both,
כָּתַשׁ,katash,root,crushed / pounded,Biblical,
לָאָה,laah,root,was weary,Biblical,
לָבַן,lavan,root,was white / made bricks,Biblical,
לָבַשׁ,lavash,root,wore / clothed oneself,Both,
לָהַב,lahav,root,blazed (poetic),Biblical,
לָהַט,lahat,root,blazed / burned,Biblical,
לוּחַ,luach,noun,tablet / board / calendar,Both,
לָחַם,lacham,root,fought / ate,Biblical,nif'al: fought
לֶחֶם,lechem,noun,bread / food,Both,
לָחַן,lachan,root,whispered / was hoarse,Biblical,
לָחַץ,lachatz,root,pressed / oppressed,Both,
לָחַשׁ,lachash,root,whispered / charmed,Both,
לָכַד,lachad,root,captured / caught,Biblical,
לָמַד,lamad,root,learned / taught,Both,pi'el: taught
לָעַג,laag,root,mocked / derided,Biblical,
לָעַד,laad,adverb,forever,Both,
לָעַס,laas,root,chewed,Both,
לָקַח,lakach,root,took,Both,
לָקַט,lakat,root,gathered / picked up,Biblical,pi'el
מָאַס,maas,root,rejected / despised,Biblical,
מָגַן,magan,root,delivered / handed over,Biblical,pi'el usually
מָגֵן,magen,noun,shield / defender,Both,
מָדַד,madad,root,measured,Both,
מָהַל,mahal,root,diluted / mixed,Biblical,
מָהַר,mahar,root,hurried / hastened,Biblical,pi'el: hurried
מוּל,mul,root,circumcised,Biblical,hollow root
מוּשׁ,mush,root,departed / moved,Biblical,hollow root
מוּת,mut,root,died,Both,hollow root
מָוֶת,mavet,noun,death,Both,
מָזַג,mazag,root,mixed / poured,Both,
מַזָּל,mazal,noun,fortune / luck / constellation,Both,
מָחָה,machah,root,wiped out / erased / blotted out,Both,
מָחַץ,machatz,root,smashed / shattered,Biblical,
מָחַק,machak,root,erased / rubbed out,Both,
מַטֶּה,matteh,noun,staff / tribe / rod,Both,
מָטָר,matar,noun,rain,Both,
מַיִם,mayim,noun,water,Both,
מָכַר,machar,root,sold,Both,
מָלָא,mala,root,was full / filled,Both,
מָלָה,malah,root,was circumcised / was filled,Biblical,
מָלַח,malach,root,salted / seasoned,Both,
מֶלַח,melach,noun,salt,Both,
מָלַט,malat,root,escaped / delivered,Biblical,nif'al/pi'el
מָלַךְ,malach,root,reigned / ruled,Biblical,
מֶלֶךְ,melech,noun,king,Both,
מָלַל,malal,root,spoke / said / withered,Biblical,
מָנָה,manah,root,counted / numbered,Biblical,
מָנַע,mana,root,withheld / prevented,Biblical,
מָסַךְ,masach,root,mixed (a drink),Biblical,
מַסָּע,massa,noun,journey,Both,
מָסַר,masar,root,handed over / delivered / transmitted,Both,
מָעַד,maad,root,tottered / slipped,Biblical,
מָעַל,maal,root,acted unfaithfully / trespassed,Biblical,
מָצָא,matza,root,found,Both,
מָצָה,matzah,root,drained / sucked out,Biblical,
מָצַץ,matzatz,root,sucked,Both,
מָרַד,marad,root,rebelled,Biblical,
מָרָה,marah,root,rebelled / was disobedient,Biblical,
מָרַט,marat,root,plucked / pulled out,Biblical,
מָשַׁח,mashach,root,anointed,Biblical,
מָשַׁךְ,mashach,root,drew / pulled,Biblical,
מָשַׁל,mashal,root,ruled / spoke a proverb,Biblical,
מָשָׁל,mashal,noun,proverb / parable,Both,
מָתַח,matach,root,stretched / extended,Both,
מָתַק,matak,root,was sweet,Biblical,
נָאַם,naam,root,spoke (prophetically) / declared,Biblical,
נָאַף,naaf,root,committed adultery,Biblical,
נָאַץ,naatz,root,spurned / despised,Biblical,pi'el
נָבָא,nava,root,prophesied,Biblical,nif'al/hitpa'el
נָבַט,navat,root,looked at / regarded,Biblical,hif'il
נָבַל,naval,root,was foolish / withered,Biblical,
נָגַד,nagad,root,told / declared / opposed,Biblical,hif'il: told
נָגַן,nagan,root,played a musical instrument,Both,pi'el
נָגַע,naga,root,touched / struck,Both,
נָגַף,nagaf,root,struck / plagued,Biblical,
נָגַר,nagar,root,flowed / ran (water),Biblical,nif'al
נָגַשׁ,nagash,root,approached / drew near,Biblical,
נָדַד,nadad,root,wandered / fled,Biblical,
נָדָה,nadah,root,banished / removed,Biblical,pi'el: ostracized
נָדַח,nadach,root,was thrust out / banished,Biblical,
נָדַר,nadar,root,vowed,Biblical,
נָהַג,nahag,root,led / drove / customary,Both,
נָהַם,naham,root,growled / groaned,Biblical,
נָהַר,nahar,root,flowed / shone,Biblical,
נָהָר,nahar,noun,river,Both,
נוּחַ,nuach,root,rested,Biblical,hollow root
נוֹי,noi,noun,beauty / ornament,Both,
נוּס,nus,root,fled,Biblical,hollow root
נוּעַ,nua,root,moved / wandered / tottered,Biblical,hollow root
נוּף,nuf,root,waved / brandished,Biblical,hif'il
נוּץ,nutz,root,blossomed,Biblical,
נָזַל,nazal,root,flowed / dripped,Biblical,
נָזַר,nazar,root,consecrated / separated,Biblical,
נָחָה,nachah,root,led / guided,Biblical,
נָחַל,nachal,root,inherited / took possession,Biblical,
נַחַל,nachal,noun,stream / wadi,Both,
נָחַם,nacham,root,comforted / repented,Biblical,pi'el: comforted
נָחַשׁ,nachash,root,practiced divination,Biblical,pi'el
נַחַשׁ,nachash,noun,snake / serpent,Both,
נָחַת,nachat,root,descended / came down,Both,
נָטָה,natah,root,stretched out / turned / bent,Biblical,
נָטַל,natal,root,lifted / took up,Both,
נָטַע,nata,root,planted,Biblical,
נָטַף,nataf,root,dripped,Biblical,
נָטַר,natar,root,guarded / kept (anger),Biblical,
נָטַשׁ,natash,root,abandoned / forsook,Biblical,
נָכָה,nachah,root,struck / smote,Biblical,hif'il common
נָכַר,nachar,root,recognized / regarded,Biblical,hif'il
נָסָה,nasah,root,tested / tried,Biblical,pi'el: tested
נָסַךְ,nasach,root,poured out (libation),Biblical,
נָסַע,nasa,root,journeyed / traveled / set out,Biblical,
נָעַל,naal,root,locked / shut / wore shoes,Both,
נַעַל,naal,noun,shoe / sandal,Both,
נָעַם,naam,root,was pleasant / delightful,Biblical,
נָעַר,naar,root,shook off / was a youth,Biblical,
נַעַר,naar,noun,youth / young man / boy,Both,
נָפַח,nafach,root,blew / exhaled,Biblical,
נָפַל,nafal,root,fell,Both,
נָפַץ,nafatz,root,shattered / scattered,Biblical,
נֵפֶשׁ,nefesh,noun,soul / life / self,Both,
נָצַב,natzav,root,stood / stationed,Biblical,nif'al/hif'il
נָצָה,natzah,root,struggled / quarreled,Biblical,
נָצַח,natzach,root,overcame / was victorious / led music,Both,pi'el
נָצַל,natzal,root,was saved / rescued,Biblical,hif'il: rescued
נָצַר,natzar,root,guarded / watched / preserved,Biblical,
נָקַב,nakav,root,pierced / designated,Biblical,
נָקָה,nakah,root,was innocent / cleared,Biblical,
נָקַם,nakam,root,avenged / took revenge,Biblical,
נָשָׂא,nasa,root,lifted / carried / forgave,Both,
נָשַׁב,nashav,root,blew (wind),Biblical,
נָשַׁךְ,nashach,root,bit / charged interest,Biblical,
נָשַׁל,nashal,root,slipped off / cast out,Biblical,
נָשַׁם,nasham,root,breathed / panted,Biblical,
נָשַׁף,nashaf,root,blew / breathed,Biblical,
נָשַׁק,nashak,root,kissed / armed,Biblical,
נֶשֶׁר,nesher,noun,eagle / vulture,Both,
נָתַן,natan,root,gave,Both,
נָתַץ,natatz,root,tore down / demolished,Biblical,
נָתַק,natak,root,pulled off / tore away,Biblical,
סָבַב,savav,root,went around / surrounded / turned,Biblical,
סָבַךְ,savach,root,interwove / was entangled,Biblical,
סָבַל,saval,root,bore / carried / suffered,Both,
סָגַד,sagad,root,bowed down / worshiped,Biblical,
סָגַר,sagar,root,shut / closed,Both,
סוּג,sug,root,drew back / turned back,Biblical,hollow root
סוּג,sug,noun,kind / type,Both,
סוֹד,sod,noun,secret / counsel,Both,
סוּס,sus,noun,horse,Both,
סוּף,suf,noun,reeds / rushes,Biblical,as in ים סוף
סוֹף,sof,noun,end,Both,
סוּר,sur,root,turned aside / departed,Biblical,hollow root
סָחַב,sachav,root,dragged / pulled,Both,
סָחַר,sachar,root,traded / traveled about,Both,
סָטָה,satah,root,turned aside / strayed,Biblical,
סָכַךְ,sachach,root,covered / screened,Biblical,
סָכַל,sachal,root,was foolish,Biblical,hif'il
סָכַן,sachan,root,was accustomed / benefited,Biblical,
סָלַח,salach,root,forgave / pardoned,Biblical,
סָלַל,salal,root,built up / paved / exalted,Biblical,
סָמַךְ,samach,root,leaned / supported / ordained,Both,
סָמַן,saman,root,marked / indicated,Modern,pi'el
סָעַד,saad,root,supported / dined,Biblical,
סָעַר,saar,root,stormed / was stormy,Biblical,
סָפַג,safag,root,absorbed / soaked up,Both,
סָפַד,safad,root,mourned / lamented,Biblical,
סָפָה,safah,root,was swept away / destroyed,Biblical,
סָפַק,safak,root,clapped / supplied,Biblical,
סָפַר,safar,root,counted / recounted / told,Both,pi'el: told
סֵפֶר,sefer,noun,book,Both,
סָקַל,sakal,root,stoned / threw stones,Biblical,
סָרַח,sarach,root,hung down / stank (modern: stank),Both,
סֵתֶר,seter,noun,secret / hiding place,Both,
עָבַד,avad,root,served / worked,Both,
עֶבֶד,eved,noun,servant / slave,Both,
עָבַר,avar,root,passed / crossed over,Both,
עָגַב,agav,root,lusted after / loved sensually,Biblical,
עָגַל,agal,root,was round,Both,
עָגַן,agan,root,anchored / held back,Both,
עֵדָה,edah,noun,community / congregation,Both,4 letters
עֵדֶן,eden,noun,Eden / pleasure / luxury,Both,
עוּג,ug,root,baked (a cake),Biblical,hollow root
עוּד,ud,root,testified / warned,Biblical,hollow root; hif'il
עוֹד,od,adverb,still / yet / again / more,Both,
עוּף,uf,root,flew,Both,hollow root
עוֹף,of,noun,bird / fowl,Both,
עוּר,ur,root,awoke / roused / stirred up,Biblical,hollow root
עוֹר,or,noun,skin / leather,Both,
עוּת,ut,root,bent / twisted,Biblical,hollow root
עָזַב,azav,root,forsook / abandoned / left,Both,
עָזַר,azar,root,helped,Both,
עָטָה,atah,root,wrapped / covered,Biblical,
עָטַף,ataf,root,wrapped / covered / was faint,Biblical,
עָטַר,atar,root,crowned / surrounded,Biblical,
עַיִן,ayin,noun,eye / spring,Both,
עָיַף,ayef,root,was tired / faint,Biblical,
עִיר,ir,noun,city,Both,
עָכַר,achar,root,troubled / stirred up,Biblical,
עָלָה,alah,root,went up / ascended,Both,
עָלֶה,aleh,noun,leaf,Both,
עָלַז,alaz,root,rejoiced / exulted,Biblical,
עָלַם,alam,root,was hidden / concealed,Biblical,
עָלַס,alas,root,rejoiced / delighted,Biblical,
עָמַד,amad,root,stood,Both,
עָמַל,amal,root,labored / toiled,Biblical,
עָמַס,amas,root,loaded / carried a burden,Biblical,
עָמַק,amak,root,was deep,Biblical,
עָנַג,anag,root,was delighted / dainty,Biblical,hitpa'el
עָנָה,anah,root,answered / responded / afflicted / sang,Both,
עָנָן,anan,noun,cloud,Both,
עָסַק,asak,root,was occupied / dealt with,Both,
עָפָה,afah,root,flew / covered with darkness,Biblical,
עָפַר,afar,root,threw dust (pi'el),Biblical,
עָפָר,afar,noun,dust / dry earth,Both,
עָצַב,atzav,root,grieved / was pained,Biblical,
עָצָה,atzah,root,closed (eyes),Biblical,
עֵצָה,etzah,noun,advice / counsel / plan,Both,
עָצַם,atzam,root,was mighty / closed (eyes),Biblical,
עֶצֶם,etzem,noun,bone / essence,Both,
עָצַר,atzar,root,restrained / stopped / retained,Biblical,
עָקַב,akav,root,followed / supplanted / deceived,Biblical,
עָקַד,akad,root,bound (for sacrifice),Biblical,Gen 22 Akedah
עָקַר,akar,root,uprooted / was barren,Biblical,
עָרָב,arav,root,was pleasant / mixed / stood surety,Biblical,
עֶרֶב,erev,noun,evening,Both,
עָרַג,arag,root,longed / yearned,Biblical,
עָרַךְ,arach,root,arranged / set in order / edited,Both,
עֶרֶךְ,erech,noun,value / worth / order,Both,
עָרַם,aram,root,was crafty / heaped up,Biblical,
עָרַף,araf,root,dripped / broke neck,Biblical,
עָרַץ,aratz,root,terrified / dreaded,Biblical,
עָשָׂה,asah,root,did / made,Both,
עָשַׁן,ashan,root,smoked,Biblical,
עָשַׁק,ashak,root,oppressed / defrauded,Biblical,
עָשַׁר,ashar,root,became rich,Both,hif'il: enriched
עָתַר,atar,root,prayed / entreated / was plentiful,Biblical,
פָּאַר,paar,root,glorified / adorned,Biblical,pi'el
פָּגַם,pagam,root,damaged / was defective,Biblical,
פָּגַע,paga,root,met / encountered / struck,Biblical,
פָּגַשׁ,pagash,root,met / encountered,Both,
פָּדָה,padah,root,redeemed / ransomed,Biblical,
פּוּץ,putz,root,scattered,Biblical,hollow root
פּוּר,pur,root,shattered / broke up,Biblical,hollow root
פָּזַז,pazaz,root,leapt / danced,Biblical,
פָּזַל,pazal,root,squinted,Both,rare
פָּחַד,pachad,root,feared / trembled,Both,
פַּחַד,pachad,noun,fear / terror,Both,
פָּחַז,pachaz,root,was reckless / unstable,Biblical,
פָּטַר,patar,root,released / dismissed / departed,Both,
פִּיל,pil,noun,elephant,Both,
פָּלָא,pala,root,was wonderful / difficult,Biblical,nif'al
פָּלַג,palag,root,split / divided,Biblical,
פָּלַח,palach,root,cleaved / split,Biblical,
פָּלַט,palat,root,escaped / delivered,Biblical,
פָּלַל,palal,root,prayed / interceded,Biblical,hitpa'el
פָּלַשׁ,palash,root,searched / invaded,Both,
פָּנָה,panah,root,turned / faced,Both,
פִּנָּה,pinnah,noun,corner,Both,4 letters — EXCLUDED
פָּסַח,pasach,root,passed over / limped,Biblical,
פֶּסַח,pesach,noun,Passover,Both,
פָּסַל,pasal,root,carved / hewed / rejected,Both,
פָּסַק,pasak,root,ceased / ruled (legally),Both,
פָּעַל,paal,root,did / acted / performed,Both,
פָּעַם,paam,root,beat / pulsed / throbbed,Biblical,
פַּעַם,paam,noun,time / step / instance,Both,
פָּצָה,patzah,root,opened (mouth),Biblical,
פָּצַח,patzach,root,broke forth / burst out,Biblical,
פָּצַע,patza,root,wounded / bruised,Biblical,
פָּצַר,patzar,root,urged / pressed,Biblical,
פָּקַד,pakad,root,visited / numbered / appointed / remembered,Biblical,
פָּקַח,pakach,root,opened (eyes/ears),Biblical,
פָּרָא,para,root,was wild / ran wild,Biblical,
פָּרָה,parah,root,was fruitful / bore fruit,Biblical,
פָּרַח,parach,root,blossomed / flew / broke out,Biblical,
פֶּרַח,perach,noun,flower / blossom,Both,
פָּרַט,parat,root,itemized / detailed,Both,
פְּרִי,pri,noun,fruit,Both,
פָּרַם,param,root,tore / ripped,Both,
פָּרַס,paras,root,broke (bread) / divided / spread,Biblical,
פָּרַע,para,root,let loose / neglected / paid off,Biblical,
פָּרַץ,paratz,root,broke through / burst out,Biblical,
פָּרַק,parak,root,tore off / broke / unloaded,Biblical,
פָּרַר,parar,root,broke / annulled,Biblical,hif'il: annulled
פָּרַשׂ,paras,root,spread / stretched out,Biblical,
פָּרַשׁ,parash,root,separated / explained,Both,
פָּשַׁט,pashat,root,stripped off / extended / invaded,Biblical,
פָּשַׁע,pasha,root,transgressed / rebelled,Biblical,
פָּתָה,patah,root,was simple / seduced,Biblical,
פָּתַח,patach,root,opened,Both,
פֶּתַח,petach,noun,opening / entrance / doorway,Both,
פָּתַר,patar,root,interpreted (dreams),Biblical,
צֹאן,tzon,noun,flock (sheep/goats),Both,
צָבָא,tzava,root,waged war / served,Biblical,
צָבָא,tzava,noun,army / host,Both,
צָבָה,tzavah,root,swelled,Biblical,
צָבַע,tzava,root,dyed / colored,Both,
צָבַר,tzavar,root,heaped / accumulated,Both,
צָדָה,tzadah,root,lay in wait for,Biblical,
צָדַק,tzadak,root,was righteous / just,Biblical,
צֶדֶק,tzedek,noun,righteousness / justice,Both,
צָהַב,tzahav,root,was yellow / shone,Biblical,
צָהַל,tzahal,root,cried aloud / neighed,Biblical,
צוּד,tzud,root,hunted,Biblical,hollow root
צָוָה,tzavah,root,commanded,Biblical,pi'el: צִוָּה
צוּם,tzum,root,fasted,Both,hollow root
צוּף,tzuf,root,floated / flowed,Biblical,hollow root
צָחַק,tzachak,root,laughed,Biblical,
צִיר,tzir,noun,hinge / messenger / pain (of labor),Biblical,
צָלָה,tzalah,root,roasted,Biblical,
צָלַח,tzalach,root,prospered / succeeded,Biblical,
צָלַל,tzalal,root,sank / tingled,Biblical,
צָלַם,tzalam,root,photographed / formed image,Modern,pi'el
צָמַא,tzame,root,was thirsty,Biblical,
צָמַד,tzamad,root,was joined / paired,Biblical,
צָמַח,tzamach,root,sprouted / grew,Both,
צֶמַח,tzemach,noun,plant / sprout,Both,
צֶמֶר,tzemer,noun,wool,Both,
צָמַת,tzamat,root,exterminated / silenced,Biblical,
צָנַח,tzanach,root,descended / parachuted (modern),Both,
צָעַד,tzaad,root,stepped / marched,Biblical,
צָעַק,tzaak,root,cried out / shouted,Biblical,
צָפָה,tzafah,root,watched / looked out / expected,Biblical,pi'el
צָפַן,tzafan,root,hid / stored,Biblical,
צָפַף,tzafaf,root,crowded / chirped,Both,
צָרָה,tzarah,root,was narrow / distressed,Biblical,
צָרָה,tzarah,noun,trouble / distress,Both,
צָרַח,tzarach,root,screamed / cried out,Both,
צָרַךְ,tzarach,root,needed / required,Both,
צָרַף,tzaraf,root,refined / smelted / combined,Biblical,
קָבַב,kavav,root,cursed,Biblical,rare
קָבַל,kaval,root,received / accepted,Both,pi'el common
קָבַע,kava,root,fixed / set / determined,Both,
קָבַץ,kavatz,root,gathered / assembled,Biblical,pi'el
קָבַר,kavar,root,buried,Biblical,
קָדַד,kadad,root,bowed / knelt,Biblical,
קָדַח,kadach,root,kindled / drilled / had fever,Biblical,
קָדַם,kadam,root,went before / was ancient,Biblical,pi'el: anticipated
קֶדֶם,kedem,noun,east / ancient times,Biblical,
קָדַשׁ,kadash,root,was holy / consecrated,Biblical,
קֹדֶשׁ,kodesh,noun,holiness / sacred thing,Both,
קָהָה,kahah,root,was blunt / dull,Biblical,
קָוָה,kavah,root,waited / hoped,Biblical,pi'el: hoped
קוֹל,kol,noun,voice / sound,Both,
קוּם,kum,root,arose / stood up,Biblical,hollow root
קָטַל,katal,root,killed / slew,Biblical,
קָטַן,katan,root,was small / insignificant,Biblical,
קָטָן,katan,adjective,small / little,Both,
קָטַף,kataf,root,plucked / picked (fruit),Both,
קָטַר,katar,root,burned incense,Biblical,hif'il/pi'el
קִיא,ki,root,vomited,Biblical,
קִין,kin,root,lamented / sang a dirge,Biblical,pilpel
קִיץ,kitz,root,awoke / summered,Biblical,hollow root
קַיִץ,kayitz,noun,summer,Both,
קָלָה,kalah,root,roasted / parched / was dishonored,Biblical,
קָלַל,kalal,root,was light / swift / cursed,Biblical,pi'el: cursed
קָלַס,kalas,root,mocked / scoffed,Biblical,
קָנָא,kana,root,was jealous / zealous,Biblical,pi'el
קָנָה,kanah,root,acquired / bought / created,Both,
קָנַח,kanach,root,wiped (clean),Modern,pi'el
קָסַם,kasam,root,practiced divination,Biblical,
קֶסֶם,kesem,noun,magic / charm,Both,
קָפַץ,kafatz,root,jumped / leaped / closed,Both,
קָצַב,katzav,root,cut / apportioned,Biblical,
קָצָה,katzah,root,cut off / came to end,Biblical,
קָצֶה,katzeh,noun,end / edge,Both,
קָצַף,katzaf,root,was angry / wrathful,Biblical,
קֶצֶף,ketzef,noun,anger / wrath / foam,Both,
קָצַץ,katzatz,root,cut off / chopped,Biblical,
קָצַר,katzar,root,reaped / harvested / was short,Biblical,
קָרָא,kara,root,called / read / named,Both,
קָרַב,karav,root,drew near / approached,Biblical,
קֶרֶב,kerev,noun,midst / interior / inward parts,Both,
קָרָה,karah,root,happened / met / befell,Biblical,
קָרַח,karach,root,was bald / froze,Biblical,
קֶרַח,kerach,noun,ice / frost,Both,
קֶרֶן,keren,noun,horn / ray / fund,Both,
קָרַס,karas,root,collapsed / stooped,Biblical,
קָרַע,kara,root,tore / rent,Both,
קָרַץ,karatz,root,nipped / winked / formed,Biblical,
קָשַׁב,kashav,root,listened / paid attention,Biblical,hif'il
קָשָׁה,kashah,root,was hard / difficult,Biblical,
קָשַׁר,kashar,root,tied / bound / conspired,Both,
קֶשֶׁר,kesher,noun,connection / knot / conspiracy,Both,
קֶשֶׁת,keshet,noun,bow / rainbow / arc,Both,
רָאָה,raah,root,saw / perceived,Both,
רֹאשׁ,rosh,noun,head / chief / beginning,Both,
רָבַד,ravad,root,spread out / laid in layers,Biblical,
רָבָה,ravah,root,was many / increased / multiplied,Biblical,
רָבַע,rava,root,lay down / was square,Biblical,
רָבַץ,ravatz,root,lay down / crouched,Biblical,
רָגַז,ragaz,root,was agitated / trembled / was angry,Biblical,
רָגַל,ragal,root,spied / slandered,Biblical,pi'el
רֶגֶל,regel,noun,foot / leg,Both,
רָגַם,ragam,root,stoned / pelted,Biblical,
רָגַן,ragan,root,grumbled / murmured,Biblical,nif'al
רָגַע,raga,root,was still / rested / stirred up,Biblical,
רֶגַע,rega,noun,moment / instant,Both,
רָדָה,radah,root,ruled / subdued,Biblical,
רָדַף,radaf,root,pursued / persecuted,Biblical,
רָהַב,rahav,root,stormed / was proud,Biblical,
רָוָה,ravah,root,was saturated / refreshed,Biblical,
רָוַח,ravach,root,was wide / gained,Biblical,
רוּחַ,ruach,noun,wind / spirit / breath,Both,
רוּם,rum,root,was high / exalted,Biblical,hollow root
רוּץ,rutz,root,ran,Biblical,hollow root
רוּק,ruk,root,emptied (hif'il: drew sword),Biblical,hollow root
רָזָה,razah,root,was lean / thin,Biblical,
רָחַב,rachav,root,was wide / broad,Biblical,
רָחַם,racham,root,had compassion / loved,Biblical,pi'el
רַחַם,racham,noun,womb / compassion,Biblical,
רָחַף,rachaf,root,hovered / fluttered,Biblical,
רָחַץ,rachatz,root,washed / bathed,Both,
רָחַק,rachak,root,was far / distant,Biblical,
רָטַב,ratav,root,was moist / fresh,Biblical,
רִיב,riv,root,strove / contended / quarreled,Biblical,hollow root
רֵיחַ,reach,noun,smell / scent / aroma,Both,
רִיק,rik,root,emptied,Biblical,hollow root
רָכַב,rachav,root,rode / mounted,Biblical,
רָכַן,rachan,root,bent / bowed,Both,
רָכַס,rachas,root,bound / fastened / zipped,Modern,
רָכַשׁ,rachash,root,acquired / gained,Biblical,
רָמָה,ramah,root,deceived / threw / was high,Biblical,
רָמַס,ramas,root,trampled,Biblical,
רָמַשׂ,ramas,root,moved / crept,Biblical,
רָנַן,ranan,root,sang / shouted for joy,Biblical,pi'el
רָסַס,rasas,root,sprayed / moistened,Both,
רָעַב,raev,root,was hungry / famished,Biblical,
רָעָב,raav,noun,hunger / famine,Both,
רָעַד,raad,root,trembled / shook,Biblical,
רָעָה,raah,root,pastured / shepherded / fed,Biblical,
רָעַל,raal,root,poisoned,Both,
רָעַם,raam,root,thundered / was agitated,Biblical,
רַעַם,raam,noun,thunder,Both,
רָעַע,raa,root,was bad / evil,Biblical,hif'il: did evil
רָעַשׁ,raash,root,quaked / shook,Biblical,
רַעַשׁ,raash,noun,noise / earthquake,Both,
רָפָא,rafa,root,healed / cured,Biblical,
רָפַד,rafad,root,spread out / refreshed / upholstered,Both,
רָפָה,rafah,root,was weak / slack,Biblical,
רָפַס,rafas,root,trampled / stamped,Biblical,
רָצָה,ratzah,root,was pleased / favored / wanted,Both,
רָצַח,ratzach,root,murdered / killed,Biblical,
רָצַע,ratza,root,bored through (ear),Biblical,
רָצַף,ratzaf,root,paved / fitted together,Biblical,
רָקַד,rakad,root,danced / skipped,Both,
רָקַם,rakam,root,embroidered / variegated,Biblical,
רָקַע,raka,root,stamped / spread out / beat flat,Biblical,
רָשָׁה,rashah,root,had authority / was permitted,Mishnaic,
רָשָׁם,rasham,root,recorded / registered / sketched,Both,
רָשַׁע,rasha,root,was wicked / did wrong,Biblical,
רָשָׁע,rasha,adjective/noun,wicked one,Both,
שָׁאַב,shaav,root,drew (water),Biblical,
שָׁאַג,shaag,root,roared (lion),Biblical,
שָׁאַל,shaal,root,asked / inquired / borrowed,Both,
שָׁאַף,shaaf,root,panted / longed for / inhaled,Biblical,
שָׁאַר,shaar,root,remained / was left over,Biblical,nif'al
שָׁבָה,shavah,root,took captive,Biblical,
שָׁבַח,shavach,root,praised / stilled,Biblical,pi'el
שֵׁבֶט,shevet,noun,tribe / staff / rod,Both,
שָׁבַע,shava,root,swore / took oath / was satisfied,Biblical,nif'al: swore
שָׁבַר,shavar,root,broke / shattered,Both,
שָׁבַת,shavat,root,ceased / rested,Biblical,
שַׁבָּת,shabbat,noun,Sabbath,Both,
שָׁגַג,shagag,root,erred / sinned unintentionally,Biblical,
שָׁגָה,shagah,root,went astray / erred,Biblical,
שָׂדַד,sadad,root,harrowed / leveled ground,Biblical,
שָׁדַד,shadad,root,devastated / plundered,Biblical,
שָׂדֶה,sadeh,noun,field,Both,
שׁוּב,shuv,root,returned / repented,Biblical,hollow root
שׂוּם,sum,root,placed / put,Biblical,hollow root
שׁוּף,shuf,root,crushed / bruised,Biblical,hollow root
שׁוּר,shur,root,beheld / regarded,Biblical,hollow root
שָׁחָה,shachah,root,bowed down / worshiped,Biblical,hishtafel
שָׁחַט,shachat,root,slaughtered,Biblical,
שָׂחַק,sachak,root,laughed / played,Biblical,
שָׁחַר,shachar,root,sought earnestly / dawned,Biblical,
שָׁחַת,shachat,root,destroyed / corrupted,Biblical,pi'el/hif'il
שָׁטָה,shatah,root,turned aside / went astray,Biblical,
שָׁטַח,shatach,root,spread out / flattened,Biblical,
שָׁטַף,shataf,root,overflowed / washed away / rinsed,Both,
שֶׁטֶף,shetef,noun,flood / fluency,Both,
שִׁיר,shir,root,sang,Biblical,hollow root
שִׁיר,shir,noun,song,Both,
שָׁכַב,shachav,root,lay down / slept,Both,
שָׁכָה,shakah,root,looked out / observed,Biblical,
שָׁכַח,shachach,root,forgot,Both,
שָׂכַל,sachal,root,was prudent / wise / acted wisely,Biblical,hif'il
שָׂכַר,sachar,root,hired / rented,Both,
שָׁכַר,shachar,root,was drunk,Biblical,
שָׂמַח,samach,root,rejoiced / was glad,Both,
שֶׁמֶן,shemen,noun,oil,Both,
שֶׁמֶשׁ,shemesh,noun,sun,Both,
שָׂנֵא,sane,root,hated,Biblical,
שָׁנָה,shanah,noun,year,Both,
שֵׁנִי,sheni,adjective,second,Both,4 letters — EXCLUDED
שַׁעַר,shaar,noun,gate / market price,Both,
שָׁפָה,shafah,root,polished / swept bare,Biblical,
שָׂפָה,safah,noun,lip / language / edge,Both,
שָׁפַט,shafat,root,judged / governed,Biblical,
שָׁפַךְ,shafach,root,poured out / spilled,Biblical,
שָׁפַל,shafal,root,was low / humbled,Biblical,
שָׁקַד,shakad,root,watched / was vigilant,Biblical,
שָׁקָה,shakah,root,gave to drink / irrigated,Biblical,hif'il
שָׁקַט,shakat,root,was quiet / at rest / calm,Biblical,
שָׁקַל,shakal,root,weighed,Biblical,
שֶׁקֶל,shekel,noun,shekel (coin),Both,
שָׁקַע,shaka,root,sank / set (sun),Biblical,
שָׁקַף,shakaf,root,looked out / reflected,Biblical,nif'al/hif'il
שָׁקַץ,shakatz,root,detested / abhorred,Biblical,pi'el
שָׁקַר,shakar,root,lied / dealt falsely,Biblical,pi'el
שֶׁקֶר,sheker,noun,lie / falsehood,Both,
שָׁרָה,sarah,root,strove / contended (as Israel),Biblical,
שָׁרָה,sharah,root,released / dwelt / began (Aramaic),Biblical,
שָׂרַךְ,sarach,root,twisted / plaited,Biblical,
שָׂרַף,saraf,root,burned (in fire),Biblical,
שָׁרַץ,sharatz,root,swarmed / teemed,Biblical,
שָׁרַק,sharak,root,whistled / hissed,Biblical,
שֹׁרֶשׁ,shoresh,noun,root (of plant or word),Both,
שָׁרַת,sharat,root,served / ministered,Biblical,pi'el
שָׁתָה,shatah,root,drank,Both,
שָׁתַל,shatal,root,transplanted / planted,Biblical,
שָׁתַק,shatak,root,was silent / quiet,Both,
תָּאַב,taav,root,longed / desired / yearned,Biblical,
תָּאַר,taar,root,described / outlined,Modern,pi'el
תֵּבָה,tevah,noun,ark / box / word,Both,
תֵּבֵל,tevel,noun,world / inhabited earth,Biblical,
תֶּבֶן,teven,noun,straw / chaff,Both,
תָּבַע,tava,root,demanded / sued / claimed,Both,
תָּהָה,tahah,root,wondered / was amazed,Both,
תּוֹךְ,toch,noun,middle / inside,Both,
תּוֹם,tom,noun,completeness / innocence,Both,
תּוּר,tur,root,explored / scouted / spied,Biblical,hollow root
תּוֹר,tor,noun,turn / queue / turtledove,Both,
תַּחַת,tachat,preposition/noun,under / beneath / instead of / bottom,Both,
תַּיִשׁ,tayish,noun,he-goat,Biblical,
תָּכַן,tachan,root,measured / weighed out,Biblical,
תָּלָה,talah,root,hung / suspended,Biblical,
תֶּלֶם,telem,noun,furrow (in field),Biblical,
תָּמָה,tamah,root,was astonished / was complete,Biblical,
תָּמַךְ,tamach,root,supported / grasped / upheld,Biblical,
תָּמַם,tamam,root,was complete / finished,Biblical,
תָּמַר,tamar,root,rose up (like palm),Biblical,
תָּמָר,tamar,noun,date / palm tree,Both,
תָּעָה,taah,root,wandered / went astray,Biblical,
תַּעַר,taar,noun,razor / sheath,Biblical,
תָּפָה,tafah,root,stretched / extended,Biblical,
תָּפַל,tafal,root,joined / smeared / attached,Biblical,
תָּפַס,tafas,root,caught / seized / grasped,Both,
תָּפַר,tafar,root,sewed / stitched,Biblical,
תָּקַע,taka,root,thrust / blew (shofar) / clapped,Biblical,
תָּקַף,takaf,root,overpowered / assaulted,Biblical,
תָּרַם,taram,root,donated / contributed,Both,hif'il: הֵרִים
תָּשַׁשׁ,tashash,root,grew weak,Biblical,
